﻿<?xml version="1.0" encoding="utf-8" ?>
<Configurations xmlns="http://bell.ca/CacheConfiguration.xsd">
  <CacheConfiguration cachename="testns" active="true">
    <Site>bellca</Site>
    <Application>support</Application>
    <Timeout isAbsolute="true">600</Timeout>
    <AllowGeoReplication>true</AllowGeoReplication>
    <PreemptPriority>Normal</PreemptPriority>
    <CachePolicy>Write_Read</CachePolicy>
    <BackStoreAdapterType>None</BackStoreAdapterType>
  </CacheConfiguration>

  <CacheConfiguration cachename="testns2" active="true">
    <Site>bellca</Site>
    <Application>support</Application>
    <Timeout isAbsolute="false">600</Timeout>
    <AllowGeoReplication>false</AllowGeoReplication>
    <PreemptPriority>NotRemovable</PreemptPriority>
    <CachePolicy>RefreshAhead</CachePolicy>
    <BackStoreAdapterType>Dao</BackStoreAdapterType>
    <BackStoreInterval>5</BackStoreInterval>
    <BackStoreDaoConnectionString>Data Source=Localhost;Initial Catalog=ConfigDB;Integrated Security=True</BackStoreDaoConnectionString>
    <BackStoreAssembly>ClientsDLL</BackStoreAssembly>
    <BackStoreClass>ClientsDLL.CustomerDaoSupport</BackStoreClass>
  </CacheConfiguration>

  <CacheConfiguration cachename="testns3" active="false">
    <Site>bellca</Site>
    <Application>support</Application>
    <Timeout isAbsolute="false">900</Timeout>
    <AllowGeoReplication>false</AllowGeoReplication>
    <PreemptPriority>NotRemovable</PreemptPriority>
    <CachePolicy>ReadThrough</CachePolicy>
    <BackStoreAdapterType>Dao</BackStoreAdapterType>
    <BackStoreInterval>10</BackStoreInterval>
    <BackStoreDaoConnectionString>Data Source=Localhost;Initial Catalog=ConfigDB;Integrated Security=True</BackStoreDaoConnectionString>
    <BackStoreAssembly>ClientsDLL</BackStoreAssembly>
    <BackStoreClass>ClientsDLL.CustomerDaoSupport</BackStoreClass>
  </CacheConfiguration>

  <CacheConfiguration cachename="testns4" active="true">
    <Site>bellca</Site>
    <Application>support</Application>
    <Timeout isAbsolute="false">300</Timeout>
    <AllowGeoReplication>false</AllowGeoReplication>
    <PreemptPriority>NotRemovable</PreemptPriority>
    <CachePolicy>WriteBehind</CachePolicy>
    <BackStoreAdapterType>Dao</BackStoreAdapterType>
    <BackStoreInterval>30</BackStoreInterval>
    <BackStoreDaoConnectionString>Data Source=Localhost;Initial Catalog=ConfigDB;Integrated Security=True</BackStoreDaoConnectionString>
    <BackStoreAssembly>ClientsDLL</BackStoreAssembly>
    <BackStoreClass>ClientsDLL.CustomerDaoSupport</BackStoreClass>
  </CacheConfiguration>

  <CacheConfiguration cachename="testns5" active="true">
    <Site>bellca</Site>
    <Application>support</Application>
    <Timeout isAbsolute="false">300</Timeout>
    <AllowGeoReplication>false</AllowGeoReplication>
    <PreemptPriority>NotRemovable</PreemptPriority>
    <CachePolicy>WriteBehind</CachePolicy>
    <BackStoreAdapterType>Dao</BackStoreAdapterType>
    <BackStoreInterval>1</BackStoreInterval>
    <BackStoreDaoConnectionString>Data Source=Localhost;Initial Catalog=ConfigDB;Integrated Security=True</BackStoreDaoConnectionString>
    <BackStoreAssembly>ClientsDLL</BackStoreAssembly>
    <BackStoreClass>ClientsDLL.CustomerDaoSupport</BackStoreClass>
  </CacheConfiguration>

  <CacheConfiguration cachename="testns6" active="true">
    <Site>bellca</Site>
    <Application>support</Application>
    <Timeout isAbsolute="false">900</Timeout>
    <AllowGeoReplication>false</AllowGeoReplication>
    <PreemptPriority>NotRemovable</PreemptPriority>
    <CachePolicy>ReadThrough_WriteBehind</CachePolicy>
    <BackStoreAdapterType>Dao</BackStoreAdapterType>
    <BackStoreInterval>30</BackStoreInterval>
    <BackStoreDaoConnectionString>Data Source=Localhost;Initial Catalog=ConfigDB;Integrated Security=True</BackStoreDaoConnectionString>
    <BackStoreAssembly>ClientsDLL</BackStoreAssembly>
    <BackStoreClass>ClientsDLL.CustomerDaoSupport</BackStoreClass>
  </CacheConfiguration>

  <CacheConfiguration cachename="testns7" active="true">
    <Site>bellca</Site>
    <Application>support</Application>
    <Timeout isAbsolute="false">900</Timeout>
    <AllowGeoReplication>false</AllowGeoReplication>
    <PreemptPriority>NotRemovable</PreemptPriority>
    <CachePolicy>ReadThrough_WriteBehind</CachePolicy>
    <BackStoreAdapterType>Dao</BackStoreAdapterType>
    <BackStoreInterval>10</BackStoreInterval>
    <BackStoreDaoConnectionString>Data Source=Localhost;Initial Catalog=ConfigDB;Integrated Security=True</BackStoreDaoConnectionString>
    <BackStoreAssembly>ClientsDLL</BackStoreAssembly>
    <BackStoreClass>ClientsDLL.CustomerDaoSupport</BackStoreClass>
  </CacheConfiguration>

</Configurations>
