﻿<?xml version="1.0" encoding="utf-8" ?>
<Configurations xmlns="http://bell.ca/CacheConfiguration.xsd">

  <CacheConfiguration cachename="FrameworkTestNS" active="true">
    <Site>bellca</Site>
    <Application>test</Application>
    <Timeout isAbsolute="false">900</Timeout>
    <AllowGeoReplication>true</AllowGeoReplication>
    <PreemptPriority>Normal</PreemptPriority>
    <CachePolicy>RefreshAhead</CachePolicy>
    <BackStoreAdapterType>Custom</BackStoreAdapterType>
    <BackStoreInterval>10</BackStoreInterval>
    <BackStoreAssembly>Bell.Framework.Caching.TestBackingStore</BackStoreAssembly>
    <BackStoreClass>Bell.Framework.Caching.TestBackingStore.TestBackingStoreAdapter</BackStoreClass>
  </CacheConfiguration>

  <CacheConfiguration cachename="testservercookie" active="true">
    <Site>bellca</Site>
    <Application>support</Application>
    <Timeout isAbsolute="false">900</Timeout>
    <AllowGeoReplication>true</AllowGeoReplication>
    <PreemptPriority>Normal</PreemptPriority>
    <CachePolicy>ReadThrough_WriteBehind</CachePolicy>
    <BackStoreAdapterType>Dao</BackStoreAdapterType>
    <BackStoreInterval>10</BackStoreInterval>
    <BackStoreDaoConnectionString>Data Source=bellcadev;Initial Catalog=MiniAppDB_Cookie;User ID=usrCookie;Password=Pa$$w0rd;Trusted_Connection=no;</BackStoreDaoConnectionString>
    <BackStoreAssembly>Bell.Portal.Support.ServerCookie</BackStoreAssembly>
    <BackStoreClass>Bell.Portal.Support.ServerCookie.ServerCookieDao</BackStoreClass>
  </CacheConfiguration>

  <CacheConfiguration active="true" cachename="unittest">
    <Site>bellca</Site>
    <Application>test</Application>
    <Timeout isAbsolute="false">900</Timeout>
    <AllowGeoReplication>true</AllowGeoReplication>
    <PreemptPriority>Normal</PreemptPriority>
    <CachePolicy>Write_Read</CachePolicy>
    <BackStoreAdapterType>None</BackStoreAdapterType>
  </CacheConfiguration>
  <CacheConfiguration active="true" cachename="MyBellPrepaid">
    <Site>bellca</Site>
    <Application>mybell</Application>
    <Timeout isAbsolute="false">3600</Timeout>
    <AllowGeoReplication>true</AllowGeoReplication>
    <PreemptPriority>Normal</PreemptPriority>
    <CachePolicy>Write_Read</CachePolicy>
    <BackStoreAdapterType>None</BackStoreAdapterType>
  </CacheConfiguration>
  <CacheConfiguration active="true" cachename="MyBellDefault">
    <Site>bellca</Site>
    <Application>mybell</Application>
    <Timeout isAbsolute="false">900</Timeout>
    <AllowGeoReplication>true</AllowGeoReplication>
    <PreemptPriority>Normal</PreemptPriority>
    <CachePolicy>Write_Read</CachePolicy>
    <BackStoreAdapterType>None</BackStoreAdapterType>
  </CacheConfiguration>
  <CacheConfiguration active="true" cachename="MySoloDefault">
    <Site>bellca</Site>
    <Application>mysolo</Application>
    <Timeout isAbsolute="false">900</Timeout>
    <AllowGeoReplication>true</AllowGeoReplication>
    <PreemptPriority>Normal</PreemptPriority>
    <CachePolicy>Write_Read</CachePolicy>
    <BackStoreAdapterType>None</BackStoreAdapterType>
  </CacheConfiguration>
  <CacheConfiguration active="true" cachename="MyVirginDefault">
    <Site>bellca</Site>
    <Application>myvirgin</Application>
    <Timeout isAbsolute="false">900</Timeout>
    <AllowGeoReplication>true</AllowGeoReplication>
    <PreemptPriority>Normal</PreemptPriority>
    <CachePolicy>Write_Read</CachePolicy>
    <BackStoreAdapterType>None</BackStoreAdapterType>
  </CacheConfiguration>
  <CacheConfiguration active="true" cachename="pss">
    <Site>bellca</Site>
    <Application>shop</Application>
    <Timeout isAbsolute="false">172800</Timeout>
    <AllowGeoReplication>true</AllowGeoReplication>
    <PreemptPriority>Normal</PreemptPriority>
    <CachePolicy>Write_Read</CachePolicy>
    <BackStoreAdapterType>None</BackStoreAdapterType>
  </CacheConfiguration>
  <CacheConfiguration active="true" cachename="MyBellRegistrationDefault">
    <Site>bellca</Site>
    <Application>mybell</Application>
    <Timeout isAbsolute="false">86400</Timeout>
    <AllowGeoReplication>true</AllowGeoReplication>
    <PreemptPriority>Normal</PreemptPriority>
    <CachePolicy>Write_Read</CachePolicy>
    <BackStoreAdapterType>None</BackStoreAdapterType>
  </CacheConfiguration>
  <CacheConfiguration active="true" cachename="MyBellNoExpire">
    <Site>bellca</Site>
    <Application>mybell</Application>
    <Timeout isAbsolute="false">0</Timeout>
    <AllowGeoReplication>true</AllowGeoReplication>
    <PreemptPriority>Normal</PreemptPriority>
    <CachePolicy>Write_Read</CachePolicy>
    <BackStoreAdapterType>None</BackStoreAdapterType>
  </CacheConfiguration>
</Configurations>
