<?xml version="1.0" encoding="utf-8" ?>
<log4net debug="false">

  <appender name="rollingLogFileAppender" type="log4net.Appender.RollingFileAppender">
    <file value="c:\tmp\rolling-log.txt" />
    <appendToFile value="true" />
    <maxSizeRollBackups value="10" />
    <maximumFileSize value="5MB" />
    <rollingStyle value="Size" />
    <staticLogFileName value="true" />
    <layout type="log4net.Layout.PatternLayout">
      <conversionPattern value="%date [%thread] %-5level %logger  - %message%newline" />
    </layout>
  </appender>

  <appender name="consoleAppender" type="log4net.Appender.ConsoleAppender">

    <!-- A1 uses PatternLayout -->
    <layout type="log4net.Layout.PatternLayout">
      <conversionPattern value="%-4timestamp [%thread] %-5level %logger - %message%newline" />
    </layout>
  </appender>

  <root>
    <level value="DEBUG" />
    <appender-ref ref="rollingLogFileAppender" />
    <appender-ref ref="consoleAppender" />
  </root>
</log4net>
